question_id,question,base_model_answer,fine_tuned_model_answer
1,What is fine-tuning?,Fine-tuning is a technique used in machine learning to improve the performance of a model by adjusting its parameters based on specific tasks or datasets. Imagine you have a toy car that needs to learn how to drive safely on different roads. Fine-tuning would be like tweaking the car's wheels and brakes to make it better at navigating various paths and conditions. This process helps the model adapt to new situations more effectively.,"Fine-tuning is an approach to training machine learning models where the model's parameters (weights) are adjusted based on specific tasks or objectives rather than being pre-trained on a large dataset. This method allows the model to learn from small datasets or examples, making it more efficient and effective in certain applications.

Key points about fine-tuning:

1. **Customization**: Fine-tuning enables the model to adapt to specific tasks by adjusting its weights during training.
2. **Efficiency**: It can significantly reduce the computational cost of training compared to traditional methods like transfer learning.
3. **Specificity**: The model learns directly from the task at hand, which makes it better suited for particular problems.
4. **Learning Rate**: The learning rate is often reduced during fine-tuning to prevent overfitting.
5. **Model Architecture**: Fine-tuned models may have fewer layers and simpler architectures compared to"
2,What is LoRA?,"LoRA stands for Low-Rank Matrix Approximation. It's a type of machine learning algorithm used in computer vision tasks like image recognition. Imagine you have a bunch of tiny pieces (like building blocks) that represent different parts of an image. These blocks are called ""low-rank matrices."" The LoRA algorithm helps us find the best way to combine these small pieces into one big picture or label, making it easier for computers to understand images.","LoRA stands for Low-Rank Matrix Approximation. It's an algorithm used in machine learning to approximate the inverse of a large sparse matrix efficiently.
In simpler terms, imagine you have a really big puzzle (matrix) with lots of pieces that don't fit together very well. Instead of trying to solve it by hand or using complex algorithms like Gaussian elimination, we can use LoRA to break down this puzzle into smaller parts that are easier to work with.
This makes solving the puzzle much faster and more efficient than if we tried to solve it all at once. It's especially useful when dealing with large datasets where traditional methods might be too slow or even impossible.
LoRA works by finding patterns in the data that help us quickly identify which pieces of information correspond to which other pieces. This allows us to reduce the size of our dataset while still being able to make accurate predictions about new data points."
3,What is QLoRA?,"QLoRA stands for ""Quantized Low-Rank Approximation."" It's a type of machine learning model used in computer vision tasks like image recognition. Imagine you have a bunch of tiny pieces (called ""quantization units"") that can represent different parts of an image or video. These quantization units help the model understand complex patterns without needing to store all those details at once.

In simpler terms, it's a way to make big numbers smaller so they fit better into memory, which can speed up how quickly the model processes images or videos. This makes it more efficient and faster to analyze and process data!","QLoRA stands for ""Quantized Low-Rank Approximation."" It's a type of machine learning model optimization technique used in deep learning to improve the efficiency and accuracy of training models by approximating low-rank matrices with lower-dimensional ones.
In simpler terms, it's like when you have a big puzzle piece that fits perfectly into a smaller box without any gaps or overlaps. In machine learning, this concept helps make complex models more manageable and faster to train using fewer parameters (or ""bits"") than traditional methods.

The key idea behind QLoRA is to use a special kind of matrix called a low-rank approximation, which is much easier to work with mathematically compared to full rank matrices. This makes it possible to solve problems involving large datasets and high-dimensional data structures more efficiently.

It's particularly useful in scenarios where:
1. The dataset is very large and contains many features."
4,Why is full fine-tuning expensive?,"Full fine-tuning can be expensive because it involves training the model on a very large dataset, which requires significant computational resources. This process typically takes a lot of time and money to complete. Additionally, fine-tuning models often requires more data than what was originally used during training, so there's an additional cost associated with acquiring new data.","Full fine-tuning refers to the process of training a model on a large dataset with millions or billions of parameters (weights) in order to improve its performance on a specific task. This can be computationally intensive and time-consuming, especially when dealing with very large datasets.
The cost associated with full fine-tuning depends on several factors:
1. **Dataset Size**: The more data available, the less computational resources needed to train the model. However, this also means that the model may not generalize well to new, unseen data.
2. **Model Complexity**: More complex models require more parameters to achieve similar accuracy. For example, a deep neural network might have many layers and connections, which increases the number of parameters.
3. **Training Time**: Fine-tuning involves adjusting hyperparameters such as learning rate, batch size, and dropout rates. These adjustments take time, which adds to the overall training"
5,What is the difference between LoRA and QLoRA?,"LoRA stands for Low-Rank Matrix Approximation, which is used in machine learning to approximate large matrices with smaller ones. It's like when you have a really big puzzle piece but can't fit it all into one spot - LoRA helps by breaking down the problem into smaller pieces.

QLoRA is a slightly different approach called Quasi-Low-Rank Matrix Approximation. It's more focused on finding a good approximation of the matrix without needing to break it down as much. Think of it like trying to fit a small puzzle piece into a bigger picture instead of trying to fit everything into one spot.

So, while both methods aim to solve similar problems, they're designed to be more efficient at doing so.","LoRA stands for Low-Rank Matrix Approximation, which is a technique used in machine learning to approximate large matrices with smaller ones. It's particularly useful when dealing with high-dimensional data where traditional matrix factorization methods can be computationally expensive.
QLoRA, on the other hand, stands for Quasi-Low-Rank Matrix Approximation. This method is designed to find low-rank approximations of matrices without requiring them to be sparse or low-rank. It's often used in scenarios where computational efficiency is crucial, such as in deep learning models where small updates can lead to significant improvements in performance.
In summary, while both techniques aim to approximate matrices, LoRA focuses on finding low-rank approximations, whereas QLoRA seeks to achieve similar results but does so more efficiently by avoiding sparsity and using quasi-orthogonal matrices instead of full rank matrices."
6,What is the rank r in LoRA?,"In Long Range (LoRA) technology, ""r"" stands for range. It's a measure of how far a signal can travel before fading or becoming unusable. The higher the value of r, the farther the signal can travel without losing quality. A lower r indicates better coverage and less interference.","In Long Range (LoRA) technology, Rank Ranges (RRs) refer to the range of distances at which signals can be received by a receiver. The rank ranges are typically defined based on the distance from the transmitter to the receiver.
The rank range is calculated using the following formula:
Rank Range = 2 * Signal Strength / Distance
Where:
- Signal Strength is measured in dBm
- Distance is measured in meters
For example, if a signal strength of -10 dBm is received at a distance of 500 meters, then its rank range would be:
Rank Range = 2 * (-10) / 500 = -4 dBm/500 m ≈ -8 dBm/m
This means that the signal strength is approximately -8 dBm when it reaches a distance of 500 meters. This value represents"
7,What is LoRA alpha?,"LoRA stands for Low-Rank Approximation. It's a technique used in machine learning to improve the performance of neural networks by reducing their complexity. In simpler terms, it helps make models smaller while still being able to learn from data effectively. This makes them faster and more efficient at processing information.","LoRA Alpha refers to the first version of LoRA (Low-Rank Approximation) algorithm used in the LoRA algorithm framework. It was released in 2017 as part of the LoRA framework, which aims to improve the performance of low-rank approximation algorithms by reducing their computational complexity.
LoRA Alpha is designed to be more efficient than previous versions of LoRA, particularly when dealing with large datasets or high-dimensional data. The main idea behind LoRA Alpha is to reduce the number of iterations required to approximate a matrix using a low-rank approximation method, while still maintaining good accuracy.
The LoRA Alpha algorithm uses a combination of techniques such as singular value decomposition (SVD), eigenvalue decomposition, and other linear algebra methods to achieve this efficiency. It also incorporates some modifications to the original LoRA algorithm to further optimize its performance.
Overall, LoRA Alpha represents an important"
8,What is LoRA dropout?,"LoRA stands for Long Short-Term Recurrent Neural Networks. Dropout is a technique used in deep learning to prevent overfitting by randomly dropping out some neurons during training. In LoRA, the same neuron is dropped out multiple times, which helps to regularize the model's weights and prevents it from becoming too complex or ""overcomplicated."" This process encourages the network to learn more generalizable features rather than just memorizing specific patterns.","LoRA (Long Short-Term Recurrent Neural Network) Dropout is an optimization technique used in deep learning models to prevent overfitting by randomly dropping out some neurons during training. This helps the model generalize better by reducing its complexity.
Specifically, LoRA Dropout works as follows:
1. **Initialization**: The network starts with a fixed number of parameters (weights).
2. **Training Loop**: During each iteration of the training loop, the model updates its weights using gradient descent.
3. **Dropout Mechanism**: At each step, a fraction of the input units is randomly dropped out. This means that only a small portion of the connections between neurons remain active at any given time.
4. **Regularization**: By randomly dropping out some neurons, the model can learn more complex patterns without overfitting to specific examples.

### Key Points About LoRA Dropout:

- **Randomness**:"
9,What is PEFT?,"PEFT stands for Personal, Family, and Friends Education. It's a term used in the United States to describe the education of children who live with their parents or guardians. This includes things like school attendance, homework, extracurricular activities, and family involvement. The goal is to ensure that these children have access to quality education while also providing opportunities for them to be involved in their families' lives.","PEFT stands for Personal, Professional, and Financial Literacy. It's an educational program designed to help students develop the skills they need to succeed in college and beyond. Here’s what it entails:

1. **Personal**: This focuses on helping students understand their own strengths, weaknesses, and interests. It helps them identify areas where they excel academically or professionally.

2. **Professional**: This area covers career planning, job search strategies, and networking. Students learn how to find jobs, build resumes, and present themselves effectively when applying for internships, graduate school, or other professional opportunities.

3. **Financial**: This involves understanding money management, budgeting, and financial literacy. Students learn about saving, investing, and managing debt. They also explore credit, loans, and personal finance concepts.

The PEFT program typically includes various components such as workshops, seminars, online courses, and real"
10,When should we use QLoRA?,"QLoRA is a type of deep learning model used in computer vision tasks like image recognition. It's typically used when you need to learn complex patterns or features from large amounts of data quickly.

Here’s what you can expect:

1. **Quick Learning**: QLoRA learns the most important parts of your data very quickly.
2. **Efficient Use**: It doesn't require as much memory as other models, making it faster to train.
3. **Versatile**: It works well with various types of images and videos.

So, if you're working on tasks where you want to learn specific details from lots of data quickly, QLoRA might be the right choice. However, remember that it's not always the best option for every task because it requires more computational resources than some other models.","QLoRA is an open-source library for Quantized Learning Rate Acceleration (QLA) in PyTorch. It allows users to accelerate the training of deep learning models by using quantized versions of their weights.
Here's when you might want to use QLoRA:

1. **Deep Learning Models with Large Weights**: When dealing with large neural networks or models with very large weights, QLoRA can significantly speed up the training process.

2. **Quantization Techniques**: QLoRA supports various quantization techniques such as 8-bit, 16-bit, and 32-bit quantization. Choosing the right quantization level depends on the specific requirements of your model and hardware.

3. **Training Time**: By quantizing the weights, you reduce the memory footprint of your model, which can lead to faster training times.

4. **Performance**: QLoRA can"
11,What is quantization?,"Quantization is a process used in digital signal processing to reduce the number of bits needed to represent a continuous signal. This is done by dividing the range of values into smaller intervals or ""quantization levels."" The goal is to make the signal more manageable while preserving its essential characteristics. This can be useful when dealing with very small signals or when working with limited memory resources.","Quantization refers to the process of reducing the number of bits used in representing data or information. This can be done by compressing the data into smaller units (such as pixels in an image) or by using fewer bits per unit of information.
For example, when we use a 16-bit color format to represent images, each pixel has 256 possible values (0-255). However, if we were to reduce this to a 8-bit format, each pixel would only have 16 possible values (0-7), resulting in a much smaller amount of data being stored.
In computer graphics, quantization is often used to reduce the size of images or videos so they fit on a screen without losing quality. It's also used in audio compression algorithms like MP3 and AAC to reduce the amount of data needed to store music files.
Quantization can also occur"
12,What is the difference between prompting and fine-tuning?,"Prompting and fine-tuning are two different techniques used in machine learning to improve models.

Prompting:
- This involves providing specific instructions or inputs to the model.
- It's often done when the model needs more context or data points to make an accurate prediction.
- The goal is usually to provide additional information that helps the model learn better from its own experiences.

Fine-tuning:
- This is about adjusting the parameters of a pre-trained model (like a neural network) to get it to perform better on a new task.
- Fine-tuning can be done using various methods such as transfer learning, where the model is trained on a large dataset but then fine-tuned on a smaller dataset with limited resources.
- The idea is to use the existing knowledge and experience of the model to adapt to new tasks without needing extensive retraining.

In summary, prompting focuses on adding new input data, while","Prompting and fine-tuning are two different techniques used in machine learning to improve model performance.
Prompting refers to the process of providing specific instructions or prompts to an algorithm during training time. This can be done by manually specifying what information the algorithm should learn from or by using pre-defined rules or guidelines. Prompting helps the algorithm focus on certain aspects of the data it needs to learn about, which can lead to better generalization and more accurate predictions.
Fine-tuning, on the other hand, involves adjusting the parameters of a pre-trained model (such as a neural network) to make it better at a particular task. Fine-tuning typically involves selecting a subset of the pre-trained model's weights and hyperparameters, and then training the model with new data. The goal of fine-tuning is to improve the model's ability to perform well on a specific task compared to its original version.
In"
